{"cameraMode":{"drawMode":2,"name":"Shaded Wireframe","section":"Shading Mode"},"sceneLighting":false,"audioPlay":false,"sceneViewState":{"showFog":true,"showMaterialUpdate":false,"showSkybox":false,"showFlares":true,"showImageEffects":true,"showParticleSystems":true},"in2DMode":false,"pivot":{"x":-0.8162756562232971,"y":-0.20671463012695313,"z":0.529268741607666},"rotation":{"x":-0.02520843595266342,"y":0.816704273223877,"z":-0.5754536986351013,"w":-0.03575148433446884},"size":11.996468544006348,"orthographic":false}